Model,RMSE (µg/m³),MAE (µg/m³),R² Score
LSTM,3.516661972233098,2.5463161858179237,0.9658180178525841
Transformer,6.104673750028562,4.605864357105964,0.8969943823089968
XGBoost,6.6125514243932155,4.1520134498813,0.8791423577348573
Ensemble,4.446419078337764,3.1941440416737454,0.9453542012426726
